state,action,value
0,0,0.542703
0,1,0.563983
0,2,0.542703
0,3,0.563983
1,0,0.496040
1,1,0.571000
1,2,0.531669
1,3,0.585697
2,0,0.557293
2,1,0.607854
2,2,0.458669
2,3,0.587525
3,0,0.269184
3,1,0.451270
3,2,0.258980
3,3,0.630463
4,0,0.569707
4,1,0.653534
4,2,0.438445
4,3,0.571308
5,0,0.510984
5,1,0.677075
5,2,0.285603
5,3,0.410987
6,0,-0.035980
6,1,0.658909
6,2,-0.037210
6,3,0.000976
7,0,-0.003062
7,1,-0.033073
7,2,0.127100
7,3,-0.033134
8,0,-0.030746
8,1,-0.006848
8,2,-0.031431
8,3,-0.029826
9,0,-0.029541
9,1,-0.030179
9,2,-0.029789
9,3,-0.028980
10,0,0.542703
10,1,0.542703
10,2,0.563983
10,3,0.585697
11,0,0.563983
11,1,0.607854
11,2,0.563983
11,3,0.607854
12,0,0.585697
12,1,0.630463
12,2,0.585697
12,3,0.630463
13,0,0.607854
13,1,0.653534
13,2,0.607854
13,3,0.653534
14,0,0.630463
14,1,0.677075
14,2,0.630463
14,3,0.677075
15,0,0.653534
15,1,0.701097
15,2,0.653534
15,3,0.701097
16,0,0.329183
16,1,0.725609
16,2,0.386138
16,3,0.305176
17,0,-0.031514
17,1,0.619394
17,2,0.232553
17,3,-0.031031
18,0,-0.028785
18,1,0.095299
18,2,0.097331
18,3,-0.030833
19,0,-0.028801
19,1,-0.028914
19,2,-0.028346
19,3,-0.028925
20,0,0.563983
20,1,-0.052670
20,2,0.455792
20,3,0.408944
21,0,0.477604
21,1,0.095133
21,2,0.235622
21,3,0.630463
22,0,0.551112
22,1,0.540859
22,2,0.571118
22,3,0.653534
23,0,0.624229
23,1,0.677075
23,2,0.608019
23,3,0.552458
24,0,0.615424
24,1,0.646115
24,2,0.556989
24,3,0.701097
25,0,0.677075
25,1,0.725609
25,2,0.677075
25,3,0.725609
26,0,0.679381
26,1,0.750622
26,2,0.555524
26,3,0.734517
27,0,0.165170
27,1,0.776145
27,2,0.473134
27,3,0.334487
28,0,-0.027125
28,1,0.701569
28,2,0.432598
28,3,-0.026001
29,0,-0.028557
29,1,-0.022148
29,2,0.103586
29,3,-0.023479
30,0,-0.056570
30,1,-0.054321
30,2,-0.054471
30,3,0.056783
31,0,0.186787
31,1,-0.049061
31,2,-0.053392
31,3,0.343545
32,0,0.089477
32,1,-0.019881
32,2,-0.004399
32,3,0.675341
33,0,0.633974
33,1,0.269639
33,2,0.581044
33,3,0.701097
34,0,0.643292
34,1,0.645030
34,2,0.655897
34,3,0.725609
35,0,0.701097
35,1,0.750622
35,2,0.701097
35,3,0.750622
36,0,0.725609
36,1,0.776145
36,2,0.725609
36,3,0.776145
37,0,0.750622
37,1,0.802188
37,2,0.750622
37,3,0.802188
38,0,0.441143
38,1,0.828764
38,2,0.450990
38,3,0.121735
39,0,-0.023402
39,1,0.489214
39,2,-0.018460
39,3,-0.017715
40,0,-0.050038
40,1,-0.048739
40,2,-0.048565
40,3,-0.048322
41,0,-0.044144
41,1,-0.027341
41,2,-0.044323
41,3,-0.044261
42,0,0.197752
42,1,-0.029268
42,2,-0.043746
42,3,-0.039811
43,0,-0.037167
43,1,-0.035091
43,2,-0.036996
43,3,0.572631
44,0,0.114702
44,1,0.740586
44,2,0.071058
44,3,-0.029471
45,0,0.244346
45,1,0.371157
45,2,0.496268
45,3,0.776145
46,0,0.721202
46,1,0.787258
46,2,0.733997
46,3,0.802188
47,0,0.776145
47,1,0.828764
47,2,0.776145
47,3,0.828764
48,0,0.772881
48,1,0.855881
48,2,0.692151
48,3,0.799218
49,0,0.017383
49,1,0.881117
49,2,0.323739
49,3,0.405254
50,0,-0.046696
50,1,-0.042064
50,2,-0.042200
50,3,-0.029332
51,0,-0.040833
51,1,-0.037994
51,2,-0.042248
51,3,0.032858
52,0,-0.037102
52,1,0.141501
52,2,-0.034300
52,3,-0.005002
53,0,0.078989
53,1,0.190158
53,2,-0.031405
53,3,-0.030981
54,0,-0.001037
54,1,0.772769
54,2,0.012752
54,3,-0.026424
55,0,-0.021501
55,1,0.146345
55,2,0.222805
55,3,0.665452
56,0,0.690103
56,1,0.445404
56,2,0.163507
56,3,0.828764
57,0,0.802188
57,1,0.855881
57,2,0.802188
57,3,0.855881
58,0,0.828764
58,1,0.883552
58,2,0.828764
58,3,0.883552
59,0,0.617892
59,1,0.911788
59,2,0.571515
59,3,0.832910
60,0,-0.036412
60,1,-0.036645
60,2,-0.036319
60,3,-0.033196
61,0,-0.035460
61,1,-0.033819
61,2,-0.033669
61,3,0.020368
62,0,-0.029937
62,1,-0.029753
62,2,-0.033283
62,3,0.305051
63,0,0.024389
63,1,0.062657
63,2,-0.033056
63,3,0.558143
64,0,-0.002551
64,1,0.801273
64,2,0.068048
64,3,0.173186
65,0,-0.020763
65,1,0.148408
65,2,-0.019541
65,3,0.603479
66,0,0.001654
66,1,0.851330
66,2,0.124268
66,3,-0.014282
67,0,0.809845
67,1,0.843947
67,2,0.705576
67,3,0.883552
68,0,0.855881
68,1,0.911788
68,2,0.855881
68,3,0.911788
69,0,0.858321
69,1,0.940600
69,2,0.876899
69,3,0.906043
70,0,-0.033911
70,1,-0.033540
70,2,-0.032933
70,3,-0.032681
71,0,-0.031358
71,1,-0.031533
71,2,-0.031261
71,3,-0.030194
72,0,-0.030294
72,1,-0.029430
72,2,-0.027241
72,3,0.069888
73,0,-0.022732
73,1,-0.023138
73,2,-0.015402
73,3,0.463651
74,0,0.267122
74,1,0.004233
74,2,0.070059
74,3,0.828606
75,0,-0.016894
75,1,0.040268
75,2,0.148653
75,3,0.855872
76,0,0.160934
76,1,0.192352
76,2,0.600710
76,3,0.883552
77,0,0.673007
77,1,0.790369
77,2,0.728970
77,3,0.911788
78,0,0.883552
78,1,0.910447
78,2,0.883552
78,3,0.940600
79,0,0.911788
79,1,0.970000
79,2,0.911788
79,3,0.940600
80,0,-0.030759
80,1,-0.031391
80,2,-0.030687
80,3,-0.032025
81,0,-0.029745
81,1,-0.029502
81,2,-0.031687
81,3,-0.030244
82,0,-0.027474
82,1,-0.027505
82,2,-0.026922
82,3,-0.026569
83,0,-0.021767
83,1,-0.023146
83,2,-0.023739
83,3,-0.022945
84,0,-0.018426
84,1,-0.018357
84,2,-0.020022
84,3,0.115406
85,0,-0.013459
85,1,0.328028
85,2,-0.015457
85,3,-0.013557
86,0,0.161457
86,1,0.124956
86,2,0.034540
86,3,0.596842
87,0,0.170540
87,1,0.206533
87,2,0.171267
87,3,0.907084
88,0,0.911788
88,1,0.965743
88,2,0.736878
88,3,0.806657
89,0,0.940600
89,1,1.000000
89,2,0.903120
89,3,0.970000
90,0,-0.029299
90,1,-0.028814
90,2,-0.028564
90,3,-0.030042
91,0,-0.029119
91,1,-0.027284
91,2,-0.027809
91,3,-0.028473
92,0,-0.025071
92,1,-0.026870
92,2,-0.025304
92,3,-0.022222
93,0,-0.021479
93,1,-0.021187
93,2,-0.020979
93,3,0.003394
94,0,-0.015396
94,1,-0.015555
94,2,-0.016438
94,3,0.086948
95,0,0.037490
95,1,0.015110
95,2,0.003160
95,3,0.525143
96,0,0.112799
96,1,-0.007952
96,2,-0.008475
96,3,0.727811
97,0,0.167051
97,1,0.148159
97,2,-0.005976
97,3,0.921668
98,0,0.305833
98,1,0.190140
98,2,0.295629
98,3,0.999915
99,0,0.000000
99,1,0.000000
99,2,0.000000
99,3,0.000000
